population,track_length
week-old,150
week-old,67
week-old,80
week-old,83
week-old,190
week-old,129
week-old,187
week-old,225
week-old,80
week-old,116
week-old,107
week-old,129
week-old,98
week-old,107
week-old,168
week-old,117
week-old,143
week-old,223
week-old,101
week-old,162
week-old,116
week-old,109
week-old,107
week-old,107
week-old,113
week-old,295
week-old,319
week-old,204
week-old,182
week-old,210
week-old,152
week-old,133
week-old,31
week-old,23
week-old,31
week-old,29
week-old,45
week-old,49
week-old,47
week-old,59
week-old,64
week-old,76
week-old,100
week-old,168
week-old,167
week-old,92
week-old,103
week-old,74
week-old,62
week-old,126
week-old,65
week-old,117
week-old,107
week-old,91
week-old,71
week-old,58
week-old,157
week-old,76
week-old,213
week-old,149
week-old,140
week-old,127
week-old,89
week-old,165
week-old,54
week-old,52
week-old,47
week-old,62
week-old,55
week-old,45
week-old,53
week-old,69
week-old,54
week-old,52
week-old,45
week-old,48
week-old,51
week-old,77
week-old,48
week-old,108
week-old,42
week-old,67
week-old,37
week-old,51
week-old,67
week-old,41
week-old,50
week-old,66
week-old,59
week-old,39
week-old,51
week-old,53
week-old,70
week-old,61
week-old,59
week-old,51
week-old,50
week-old,74
week-old,58
week-old,54
week-old,66
week-old,42
week-old,57
week-old,56
week-old,73
week-old,61
week-old,95
week-old,131
week-old,73
week-old,84
week-old,64
week-old,78
week-old,72
week-old,89
week-old,58
week-old,61
week-old,79
week-old,94
week-old,74
week-old,91
week-old,75
week-old,63
week-old,93
week-old,167
week-old,80
week-old,89
week-old,115
week-old,124
week-old,102
week-old,83
week-old,88
week-old,85
week-old,113
week-old,123
week-old,148
week-old,192
week-old,183
week-old,126
week-old,70
week-old,118
week-old,64
week-old,71
week-old,91
week-old,63
week-old,55
week-old,69
week-old,50
week-old,66
week-old,56
week-old,56
week-old,90
week-old,64
week-old,95
week-old,73
week-old,82
week-old,51
week-old,44
week-old,59
week-old,45
week-old,40
week-old,150
week-old,68
week-old,96
week-old,62
week-old,72
week-old,66
week-old,93
week-old,108
week-old,43
week-old,131
week-old,60
week-old,60
week-old,100
week-old,81
week-old,106
week-old,44
week-old,104
week-old,59
week-old,50
week-old,71
week-old,145
week-old,59
week-old,95
week-old,88
week-old,57
week-old,69
week-old,57
week-old,80
week-old,72
week-old,109
week-old,94
week-old,57
week-old,111
week-old,70
week-old,61
week-old,116
week-old,71
week-old,89
week-old,55
week-old,71
week-old,62
week-old,44
week-old,45
week-old,43
week-old,66
week-old,48
week-old,57
week-old,68
week-old,42
week-old,86
week-old,67
week-old,76
week-old,59
week-old,50
week-old,61
week-old,63
week-old,50
week-old,91
week-old,58
week-old,68
week-old,73
week-old,53
week-old,72
week-old,60
week-old,48
week-old,57
week-old,58
week-old,53
week-old,62
week-old,56
week-old,54
week-old,56
week-old,58
week-old,101
week-old,84
week-old,52
week-old,53
week-old,87
week-old,88
week-old,66
week-old,47
week-old,48
week-old,57
week-old,100
week-old,54
week-old,44
week-old,57
week-old,66
week-old,78
week-old,84
week-old,70
week-old,65
week-old,63
week-old,52
week-old,57
week-old,64
week-old,134
week-old,56
week-old,72
week-old,57
week-old,62
week-old,96
week-old,59
week-old,80
week-old,55
week-old,49
week-old,50
week-old,48
week-old,81
week-old,71
week-old,63
week-old,63
week-old,62
week-old,59
week-old,51
week-old,47
week-old,58
week-old,53
week-old,59
week-old,95
week-old,68
week-old,82
week-old,62
week-old,66
week-old,57
week-old,73
week-old,97
week-old,54
week-old,75
week-old,55
week-old,57
week-old,78
week-old,91
week-old,75
week-old,58
day-old,177
day-old,149
day-old,145
day-old,268
day-old,165
day-old,178
day-old,217
day-old,257
day-old,295
day-old,220
day-old,262
day-old,290
day-old,198
day-old,227
day-old,259
day-old,259
day-old,236
day-old,254
day-old,227
day-old,190
day-old,172
day-old,176
day-old,204
day-old,249
day-old,211
day-old,276
day-old,292
day-old,163
day-old,230
day-old,364
day-old,182
day-old,240
day-old,243
day-old,356
day-old,181
day-old,118
day-old,147
day-old,235
day-old,230
day-old,155
day-old,257
day-old,284
day-old,87
day-old,283
day-old,137
day-old,408
day-old,402
day-old,234
day-old,160
day-old,213
day-old,301
day-old,360
day-old,318
day-old,499
day-old,127
day-old,279
day-old,249
day-old,194
day-old,190
day-old,250
day-old,214
day-old,341
day-old,144
day-old,392
day-old,231
day-old,214
day-old,394
day-old,259
day-old,580
day-old,283
day-old,102
day-old,232
day-old,264
day-old,223
day-old,267
day-old,616
day-old,160
day-old,304
day-old,329
day-old,182
day-old,281
day-old,267
day-old,313
day-old,259
day-old,242
day-old,258
day-old,229
day-old,302
day-old,229
day-old,267
day-old,357
day-old,384
day-old,275
day-old,321
day-old,284
day-old,224
day-old,254
day-old,229
day-old,334
day-old,193
day-old,214
day-old,259
day-old,265
day-old,239
day-old,235
day-old,197
day-old,361
day-old,162
day-old,220
day-old,338
day-old,270
day-old,146
day-old,381
day-old,201
day-old,326
day-old,239
day-old,255
day-old,266
day-old,240
day-old,191
day-old,225
day-old,289
day-old,173
day-old,403
day-old,258
day-old,221
day-old,360
day-old,253
day-old,243
day-old,354
day-old,209
day-old,351
day-old,235
day-old,228
day-old,243
day-old,324
day-old,214
day-old,169
day-old,200
day-old,233
day-old,284
day-old,121
day-old,246
day-old,226
day-old,235
day-old,273
day-old,177
day-old,292
day-old,426
day-old,138
day-old,287
day-old,271
day-old,263
day-old,347
day-old,300
day-old,250
day-old,184
day-old,249
day-old,183
day-old,278
day-old,300
day-old,174
day-old,150
day-old,267
day-old,182
day-old,146
day-old,221
day-old,263
day-old,221
day-old,158
day-old,118
day-old,233
day-old,232
day-old,149
day-old,169
day-old,197
day-old,360
day-old,171
day-old,173
day-old,222
day-old,263
day-old,243
day-old,299
day-old,339
day-old,259
day-old,172
day-old,214
day-old,272
day-old,150
day-old,216
day-old,250
day-old,221
day-old,361
day-old,447
day-old,304
day-old,275
day-old,294
day-old,254
day-old,236
day-old,220
day-old,274
day-old,278
day-old,237
day-old,279
day-old,418
day-old,202
day-old,278
mixed,90
mixed,85
mixed,80
mixed,105
mixed,79
mixed,81
mixed,79
mixed,87
mixed,84
mixed,90
mixed,101
mixed,83
mixed,114
mixed,86
mixed,86
mixed,97
mixed,92
mixed,82
mixed,106
mixed,110
mixed,81
mixed,83
mixed,74
mixed,81
mixed,83
mixed,112
mixed,129
mixed,116
mixed,86
mixed,86
mixed,110
mixed,81
mixed,78
mixed,76
mixed,102
mixed,90
mixed,82
mixed,131
mixed,80
mixed,82
mixed,84
mixed,76
mixed,79
mixed,121
mixed,81
mixed,97
mixed,82
mixed,91
mixed,103
mixed,125
mixed,85
mixed,86
mixed,95
mixed,114
mixed,112
mixed,126
mixed,79
mixed,124
mixed,131
mixed,79
mixed,113
mixed,86
mixed,82
mixed,97
mixed,104
mixed,95
mixed,79
mixed,121
mixed,79
mixed,140
mixed,103
mixed,83
mixed,105
mixed,77
mixed,108
mixed,95
mixed,104
mixed,85
mixed,84
mixed,86
mixed,94
mixed,107
mixed,80
mixed,82
mixed,107
mixed,82
mixed,111
mixed,105
mixed,85
mixed,75
mixed,104
mixed,119
mixed,88
mixed,103
mixed,102
mixed,89
mixed,92
mixed,107
mixed,82
mixed,123
mixed,81
mixed,106
mixed,109
mixed,105
mixed,110
mixed,151
mixed,99
mixed,92
mixed,105
mixed,77
mixed,92
mixed,101
mixed,127
mixed,116
mixed,86
mixed,81
mixed,96
mixed,82
mixed,80
mixed,113
mixed,95
mixed,103
mixed,93
mixed,112
mixed,84
mixed,100
mixed,110
mixed,110
mixed,94
mixed,83
mixed,115
mixed,81
mixed,101
mixed,125
mixed,107
mixed,87
mixed,82
mixed,117
mixed,90
mixed,86
mixed,115
mixed,92
mixed,82
mixed,106
mixed,92
mixed,123
mixed,109
mixed,113
mixed,98
mixed,105
mixed,105
mixed,102
mixed,86
mixed,122
mixed,108
mixed,86
mixed,79
mixed,118
mixed,84
mixed,74
mixed,85
mixed,81
mixed,87
mixed,122
mixed,81
mixed,86
mixed,98
mixed,86
mixed,81
mixed,128
mixed,99
mixed,103
mixed,126
mixed,119
mixed,129
mixed,114
mixed,138
mixed,106
mixed,96
mixed,142
mixed,114
mixed,90
mixed,82
mixed,111
mixed,88
mixed,84
mixed,109
mixed,116
mixed,90
mixed,85
mixed,90
mixed,105
mixed,133
mixed,80
mixed,84
mixed,81
mixed,85
mixed,113
mixed,97
mixed,96
mixed,106
mixed,81
mixed,98
mixed,82
mixed,82
mixed,79
mixed,79
mixed,114
mixed,112
mixed,121
mixed,88
mixed,83
mixed,85
mixed,118
mixed,107
mixed,107
mixed,105
mixed,110
mixed,83
mixed,87
mixed,117
mixed,105
mixed,109
mixed,123
mixed,99
mixed,94
mixed,117
mixed,91
mixed,81
mixed,76
mixed,92
mixed,85
mixed,97
mixed,112
mixed,87
mixed,81
mixed,122
mixed,114
mixed,81
mixed,119
mixed,94
mixed,110
mixed,119
mixed,106
mixed,94
mixed,97
mixed,88
mixed,85
mixed,81
mixed,86
mixed,81
mixed,114
mixed,96
mixed,105
mixed,118
mixed,82
mixed,104
mixed,96
mixed,93
mixed,92
mixed,89
mixed,139
mixed,109
mixed,81
mixed,107
mixed,85
mixed,117
mixed,97
mixed,92
mixed,115
mixed,93
mixed,83
mixed,116
mixed,81
mixed,83
mixed,100
mixed,81
mixed,87
mixed,85
mixed,89
mixed,113
mixed,111
mixed,112
mixed,107
mixed,123
mixed,103
mixed,83
mixed,86
mixed,114
mixed,114
mixed,123
mixed,130
mixed,122
mixed,115
mixed,114
mixed,103
mixed,104
mixed,122
mixed,113
mixed,98
mixed,114
mixed,121
mixed,122
mixed,113
mixed,102
mixed,117
mixed,74
mixed,62
mixed,118
mixed,104
mixed,84
mixed,101
mixed,87
mixed,106
mixed,84
mixed,118
mixed,91
mixed,108
mixed,96
mixed,82
mixed,106
mixed,81
mixed,121
mixed,98
mixed,109
mixed,81
mixed,102
mixed,125
mixed,105
mixed,83
mixed,95
mixed,94
mixed,102
mixed,90
mixed,117
mixed,121
mixed,106
mixed,113
mixed,82
mixed,93
mixed,111
mixed,103
mixed,88
mixed,101
mixed,94
mixed,106
mixed,102
mixed,84
mixed,103
mixed,114
mixed,86
mixed,97
mixed,115
mixed,118
mixed,82
mixed,145
mixed,86
mixed,113
mixed,90
mixed,83
mixed,84
mixed,100
mixed,108
mixed,92
mixed,84
mixed,117
mixed,112
mixed,87
mixed,98
mixed,91
mixed,115
mixed,103
mixed,105
mixed,118
mixed,125
mixed,91
mixed,82
mixed,140
mixed,86
mixed,85
mixed,88
mixed,124
mixed,103
mixed,87
mixed,109
mixed,89
mixed,87
mixed,100
mixed,129
mixed,84
mixed,71
mixed,84
mixed,84
mixed,87
mixed,74
mixed,124
mixed,134
mixed,112
mixed,120
mixed,110
mixed,126
mixed,87
mixed,103
mixed,153
mixed,125
mixed,88
mixed,115
mixed,88
mixed,91
mixed,92
mixed,94
mixed,81
mixed,78
mixed,83
mixed,80
mixed,108
mixed,109
mixed,111
mixed,119
mixed,112
mixed,129
mixed,90
mixed,109
mixed,108
mixed,94
mixed,146
mixed,76
mixed,101
mixed,136
mixed,84
mixed,74
mixed,107
mixed,83
mixed,82
mixed,98
mixed,90
mixed,82
mixed,105
mixed,123
mixed,119
mixed,95
mixed,111
mixed,102
mixed,83
mixed,110
mixed,83
mixed,105
mixed,80
mixed,89
mixed,76
mixed,82
mixed,127
mixed,99
mixed,113
mixed,132
mixed,115
mixed,80
mixed,116
mixed,112
mixed,84
mixed,86
mixed,101
mixed,96
mixed,100
mixed,111
mixed,127
mixed,116
mixed,83
mixed,106
mixed,107
mixed,109
mixed,88
mixed,134
mixed,97
mixed,106
mixed,82
mixed,115
mixed,85
mixed,92
mixed,98
mixed,89
mixed,89
mixed,94
mixed,112
mixed,106
mixed,104
mixed,92
mixed,114
mixed,94
mixed,117
mixed,79
mixed,111
mixed,109
mixed,87
mixed,93
mixed,107
mixed,82
mixed,120
mixed,89
mixed,79
mixed,94
mixed,117
mixed,109
mixed,98
mixed,86
mixed,114
mixed,119
mixed,83
mixed,95
mixed,100
mixed,125
mixed,105
mixed,92
mixed,122
mixed,115
mixed,84
mixed,79
mixed,88
mixed,115
mixed,118
mixed,86
mixed,117
mixed,112
mixed,77
mixed,83
mixed,111
mixed,134
mixed,98
mixed,85
mixed,118
mixed,124
mixed,96
mixed,85
mixed,112
mixed,93
mixed,119
mixed,102
mixed,92
mixed,83
mixed,80
mixed,96
mixed,115
mixed,98
mixed,117
mixed,103
mixed,105
mixed,88
mixed,93
mixed,89
mixed,118
mixed,88
mixed,84
mixed,84
mixed,82
mixed,124
mixed,117
mixed,77
mixed,113
mixed,83
mixed,102
mixed,84
mixed,117
mixed,103
mixed,109
mixed,82
mixed,122
mixed,97
mixed,101
mixed,124
mixed,102
mixed,91
